len,commits
1,449
2,141
3,1431
4,1517
5,2516
6,2910
7,7729
8,9042
9,9286
10,11178
11,15956
12,15132
13,16862
14,20029
15,21615
16,25803
17,25219
18,38512
19,38948
20,37037
21,43415
22,47524
23,51133
24,62226
25,65610
26,68550
27,92092
28,81965
29,90486
30,93124
31,104893
32,111047
33,129040
34,133311
35,129626
36,134251
37,139260
38,140717
39,145434
40,150528
41,158592
42,165369
43,172595
44,172906
45,176761
46,183983
47,187098
48,184567
49,186450
50,192218
51,159804
52,153805
53,150140
54,149079
55,143071
56,146087
57,137524
58,131660
59,128883
60,124084
61,121862
62,116908
63,112266
64,108839
65,102310
66,98299
67,91183
68,92710
69,81974
70,76457
71,73754
72,66059
73,53426
74,48772
75,42672
76,38895
77,36794
78,35057
79,30075
80,26457
81,24484
82,21836
83,20175
84,20112
85,17514
86,16907
87,16052
88,15971
89,14752
90,14012
91,13116
92,12504
93,12312
94,11104
95,10643
96,10595
97,9413
98,8755
99,8500
100,8180
101,7897
102,7728
103,7373
104,6819
105,6796
106,6532
107,6291
108,5926
109,5652
110,5635
111,5330
112,5027
113,4843
114,4856
115,4743
116,4555
117,4298
118,4685
119,4451
120,4827
121,3693
122,3397
123,3549
124,3243
125,3202
126,3167
127,3389
128,2917
129,3071
130,2823
131,2889
132,2509
133,2432
134,2407
135,2330
136,2312
137,2241
138,2170
139,2111
140,1960
141,1997
142,1873
143,1787
144,1696
145,1710
146,1606
147,1606
148,1489
149,1395
150,1412
151,1420
152,1356
153,1238
154,1206
155,1214
156,1179
157,1139
158,1060
159,1096
160,1035
161,1046
162,939
163,967
164,986
165,943
166,876
167,900
168,822
169,890
170,902
171,851
172,808
173,739
174,755
175,798
176,716
177,771
178,668
179,668
180,645
181,683
182,658
183,694
184,646
185,760
186,635
187,567
188,610
189,588
190,517
191,573
192,536
193,854
194,583
195,511
196,548
197,518
198,485
199,996
200,523
201,480
202,489
203,486
204,461
205,479
206,442
207,491
208,456
209,475
210,417
211,441
212,409
213,397
214,394
215,427
216,378
217,406
218,406
219,342
220,389
221,404
222,369
223,367
224,363
225,366
226,305
227,329
228,347
229,332
230,314
231,317
232,352
233,294
234,289
235,320
236,314
237,306
238,303
239,292
240,289
241,263
242,296
243,307
244,283
245,264
246,261
247,253
248,284
249,264
250,280
251,270
252,226
253,260
254,261
255,233
256,249
257,344
258,238
259,247
260,258
261,225
262,242
263,256
264,257
265,207
266,224
267,230
268,265
269,233
270,209
271,209
272,201
273,217
274,208
275,192
276,200
277,216
278,212
279,197
280,188
281,190
282,225
283,201
284,193
285,181
286,187
287,178
288,182
289,179
290,194
291,155
292,158
293,168
294,180
295,141
296,171
297,175
298,146
299,161
300,173
301,154
302,172
303,129
304,139
305,146
306,136
307,160
308,152
309,146
310,169
311,154
312,145
313,133
314,128
315,132
316,156
317,115
318,140
319,170
320,140
321,143
322,143
323,133
324,137
325,146
326,125
327,137
328,119
329,124
330,117
331,112
332,120
333,106
334,116
335,143
336,131
337,103
338,108
339,118
340,111
341,111
342,101
343,91
344,120
345,99
346,119
347,124
348,88
349,117
350,129
351,108
352,108
353,93
354,100
355,113
356,98
357,101
358,83
359,102
360,104
361,88
362,92
363,90
364,76
365,79
366,74
367,92
368,94
369,89
370,78
371,87
372,86
373,84
374,74
375,99
376,102
377,70
378,82
379,82
380,92
381,66
382,87
383,77
384,91
385,79
386,86
387,75
388,65
389,57
390,70
391,68
392,82
393,81
394,73
395,82
396,83
397,72
398,67
399,65
400,63
401,92
402,73
403,73
404,67
405,54
406,74
407,62
408,63
409,67
410,48
411,59
412,56
413,63
414,74
415,62
416,71
417,47
418,69
419,65
420,51
421,65
422,58
423,58
424,49
425,44
426,65
427,58
428,35
429,52
430,63
431,95
432,57
433,53
434,55
435,54
436,38
437,41
438,47
439,53
440,40
441,40
442,52
443,51
444,48
445,51
446,64
447,49
448,45
449,44
450,34
451,47
452,41
453,40
454,45
455,64
456,41
457,49
458,53
459,38
460,48
461,48
462,43
463,47
464,27
465,31
466,63
467,31
468,48
469,57
470,50
471,37
472,40
473,36
474,35
475,37
476,42
477,38
478,49
479,32
480,32
481,35
482,48
483,40
484,39
485,42
486,26
487,32
488,23
489,35
490,34
491,32
492,37
493,36
494,52
495,40
496,35
497,41
498,41
499,47
500,30
501,33
502,26
503,36
504,29
505,32
506,26
507,27
508,27
509,32
510,40
511,32
512,33
513,34
514,35
515,29
516,29
517,16
518,42
519,34
520,34
521,27
522,38
523,33
524,26
525,25
526,27
527,22
528,33
529,24
530,33
531,20
532,24
533,25
534,16
535,25
536,21
537,26
538,21
539,24
540,25
541,23
542,26
543,22
544,23
545,27
546,16
547,26
548,24
549,21
550,30
551,26
552,24
553,22
554,30
555,22
556,15
557,16
558,16
559,18
560,24
561,20
562,26
563,21
564,20
565,14
566,24
567,26
568,23
569,16
570,21
571,18
572,19
573,17
574,26
575,16
576,32
577,21
578,17
579,24
580,23
581,19
582,12
583,17
584,19
585,20
586,13
587,19
588,14
589,19
590,16
591,22
592,21
593,17
594,10
595,7
596,10
597,17
598,14
599,10
600,28
601,26
602,22
603,20
604,16
605,20
606,12
607,10
608,22
609,17
610,19
611,13
612,19
613,14
614,12
615,11
616,12
617,24
618,16
619,22
620,17
621,5
622,19
623,8
624,11
625,10
626,14
627,13
628,15
629,12
630,15
631,9
632,12
633,13
634,15
635,14
636,7
637,23
638,22
639,17
640,20
641,13
642,17
643,21
644,15
645,16
646,13
647,18
648,11
649,12
650,11
651,18
652,7
653,4
654,11
655,4
656,14
657,11
658,11
659,13
660,8
661,11
662,15
663,10
664,16
665,7
666,8
667,11
668,15
669,14
670,6
671,8
672,10
673,13
674,8
675,10
676,10
677,13
678,5
679,23
680,13
681,8
682,7
683,15
684,9
685,9
686,11
687,12
688,11
689,5
690,10
691,4
692,11
693,14
694,13
695,8
696,16
697,11
698,10
699,5
700,7
701,9
702,6
703,8
704,9
705,19
706,11
707,7
708,7
709,7
710,9
711,14
712,10
713,7
714,14
715,5
716,6
717,9
718,6
719,10
720,5
721,27
722,6
723,6
724,4
725,9
726,8
727,8
728,8
729,7
730,6
731,5
732,8
733,8
734,5
735,13
736,7
737,7
738,8
739,6
740,3
741,6
742,10
743,15
744,11
745,10
746,3
747,5
748,10
749,9
750,11
751,4
752,12
753,8
754,6
755,11
756,9
757,13
758,6
759,8
760,5
761,7
762,4
763,6
764,14
765,7
766,3
767,7
768,1
769,4
770,7
771,7
772,5
773,3
774,11
775,5
776,6
777,5
778,8
779,8
780,7
781,5
782,4
783,9
784,10
785,8
786,13
787,4
788,4
789,4
790,10
791,5
792,4
793,6
794,7
795,5
796,8
797,2
798,9
799,7
800,9
801,5
802,7
803,6
804,9
805,7
806,3
807,7
808,5
809,6
810,4
811,6
812,4
813,3
814,2
815,4
816,2
817,5
818,3
819,5
820,7
821,7
822,5
823,6
824,2
825,7
826,8
827,12
828,4
829,5
830,5
831,5
832,5
833,9
834,6
835,5
836,4
837,2
838,5
839,4
840,5
841,2
842,3
843,7
844,6
845,2
846,4
847,5
848,4
849,8
850,4
851,2
852,8
853,3
854,8
855,2
856,3
857,1
858,5
859,7
860,6
861,7
862,2
863,6
864,3
865,3
866,8
867,2
868,10
869,2
870,3
871,5
872,3
873,5
874,3
875,6
876,5
877,3
878,3
879,2
880,5
881,5
882,5
883,6
884,5
885,5
886,5
887,5
888,9
889,6
890,7
891,4
892,4
893,3
894,2
895,4
896,3
897,3
898,4
899,1
900,5
901,5
902,7
903,5
904,3
905,5
906,3
907,2
908,4
909,2
910,3
912,10
913,5
914,6
915,1
916,1
917,1
918,6
919,2
920,5
921,4
922,3
923,3
924,2
925,2
926,4
927,1
928,2
929,4
930,2
931,2
932,4
933,1
934,2
935,1
936,9
937,2
938,2
939,2
940,2
941,5
942,4
943,6
944,5
945,1
946,5
947,2
949,2
950,3
951,6
952,3
953,1
954,4
955,8
957,1
958,2
959,2
960,4
961,5
962,1
963,4
964,5
965,4
966,5
967,4
968,3
969,3
970,5
971,3
972,5
973,5
974,3
975,3
976,4
977,5
978,2
979,1
980,5
981,1
982,2
983,3
985,2
986,5
987,5
988,2
989,3
990,5
991,3
993,2
994,5
995,5
996,4
997,5
998,3
999,1
1000,1
1001,1
1002,1
1003,6
1004,8
1005,6
1006,4
1007,2
1008,2
1009,2
1010,1
1011,2
1012,2
1013,3
1014,5
1015,2
1016,4
1017,5
1019,4
1020,1
1021,5
1023,2
1024,1
1025,1
1026,1
1027,2
1028,4
1030,2
1031,3
1032,2
1033,1
1034,2
1035,3
1036,2
1039,3
1040,4
1041,3
1042,3
1043,2
1044,4
1045,5
1046,4
1047,5
1048,2
1050,2
1051,3
1053,1
1054,4
1055,1
1056,4
1057,2
1058,1
1061,4
1062,1
1063,3
1064,6
1065,2
1066,3
1067,3
1069,1
1070,2
1071,1
1073,2
1074,2
1075,3
1078,1
1079,1
1080,2
1081,2
1082,4
1083,2
1084,1
1085,4
1087,2
1088,2
1089,4
1091,1
1092,3
1093,1
1094,3
1095,2
1096,3
1097,3
1098,1
1099,1
1101,2
1103,2
1104,1
1105,1
1106,1
1107,1
1108,3
1109,3
1110,1
1112,1
1113,2
1114,4
1115,1
1116,5
1117,2
1118,1
1119,5
1120,2
1121,1
1122,2
1123,5
1126,1
1127,3
1128,1
1130,2
1131,2
1133,3
1135,2
1139,2
1140,1
1141,4
1142,1
1144,4
1145,1
1146,2
1147,1
1148,2
1149,1
1150,1
1151,1
1152,3
1154,1
1155,3
1156,1
1157,1
1158,2
1159,3
1161,1
1163,2
1166,1
1167,5
1168,2
1169,1
1170,3
1171,1
1172,1
1174,2
1175,3
1176,1
1178,2
1182,1
1183,1
1184,2
1185,4
1186,1
1187,1
1188,1
1189,1
1190,2
1191,3
1193,1
1195,1
1196,3
1197,1
1199,4
1200,4
1202,1
1203,1
1204,1
1205,3
1207,2
1208,1
1209,4
1210,1
1214,1
1215,1
1216,4
1219,1
1220,2
1221,1
1223,2
1224,1
1228,2
1229,4
1230,5
1231,1
1234,2
1236,2
1237,2
1239,3
1240,2
1241,1
1242,1
1243,1
1244,2
1245,3
1246,3
1247,1
1250,1
1251,1
1252,2
1253,1
1254,1
1255,1
1260,3
1261,2
1262,1
1264,1
1268,1
1270,1
1271,5
1274,3
1277,1
1280,1
1281,7
1282,1
1283,2
1284,1
1288,1
1290,3
1292,1
1293,2
1294,1
1295,2
1296,1
1297,3
1298,1
1299,1
1300,1
1301,3
1302,1
1303,1
1305,4
1308,3
1309,2
1310,2
1311,1
1312,3
1314,1
1315,1
1316,2
1317,1
1318,1
1322,3
1324,2
1326,2
1333,1
1341,1
1342,1
1343,2
1344,1
1345,1
1346,1
1347,3
1348,2
1349,3
1350,2
1351,1
1353,1
1355,1
1357,2
1358,1
1362,2
1364,1
1365,1
1367,2
1368,1
1369,1
1370,1
1371,1
1372,3
1376,3
1377,1
1378,2
1381,1
1383,1
1384,1
1386,2
1388,1
1391,1
1392,1
1393,1
1394,1
1395,1
1396,2
1397,1
1400,2
1401,1
1406,1
1411,1
1413,2
1414,2
1416,1
1417,1
1418,1
1422,1
1425,2
1428,2
1433,4
1434,1
1435,2
1436,1
1439,1
1440,1
1441,3
1442,2
1448,1
1449,2
1450,1
1451,3
1453,1
1460,1
1466,1
1467,1
1470,1
1472,1
1474,2
1475,1
1476,2
1477,1
1479,1
1481,2
1483,1
1484,2
1487,1
1489,1
1491,1
1496,1
1497,2
1498,1
1499,1
1500,3
1506,3
1507,1
1509,2
1510,1
1511,1
1513,1
1514,4
1528,1
1530,1
1532,1
1533,1
1534,1
1535,1
1547,2
1550,1
1551,1
1555,2
1558,1
1559,1
1560,1
1562,1
1563,1
1564,1
1589,1
1590,2
1593,4
1594,1
1595,1
1597,1
1599,1
1600,1
1603,1
1606,2
1609,1
1617,2
1618,1
1625,3
1628,1
1629,2
1635,1
1653,1
1654,1
1656,1
1658,1
1660,3
1661,2
1666,1
1667,2
1672,1
1677,3
1679,1
1680,1
1683,4
1684,1
1688,1
1689,1
1690,1
1693,1
1694,1
1695,1
1696,1
1697,2
1698,1
1701,1
1708,3
1709,2
1712,1
1713,1
1717,4
1721,1
1723,1
1724,1
1739,1
1742,2
1754,1
1758,1
1759,2
1762,2
1764,1
1766,2
1769,1
1772,1
1776,1
1779,1
1780,1
1781,1
1783,1
1784,1
1787,2
1793,1
1794,2
1805,1
1820,1
1821,2
1823,1
1826,1
1828,1
1830,1
1835,2
1836,1
1838,1
1839,1
1845,1
1847,1
1851,1
1854,1
1858,1
1859,1
1860,1
1865,1
1872,1
1879,1
1883,1
1885,1
1886,1
1895,1
1897,1
1902,1
1916,1
1918,1
1919,1
1921,1
1932,1
1938,1
1944,1
1953,2
1955,1
1956,2
1968,1
1976,1
1980,1
1983,1
1988,1
1995,1
1997,1
2016,1
2020,1
2026,1
2027,1
2033,1
2038,1
2041,1
2050,1
2052,1
2056,1
2060,3
2069,1
2071,1
2083,1
2099,1
2101,1
2103,1
2105,1
2107,1
2109,1
2115,1
2129,2
2134,1
2139,1
2142,1
2146,1
2147,1
2152,1
2155,1
2156,1
2166,1
2173,2
2179,1
2181,1
2185,1
2191,1
2193,3
2204,1
2211,1
2225,1
2228,1
2230,1
2233,1
2237,1
2251,1
2267,2
2279,1
2286,1
2291,1
2293,1
2294,1
2314,1
2315,1
2323,1
2331,1
2332,1
2348,1
2360,1
2363,1
2381,1
2397,1
2406,1
2417,1
2422,1
2434,1
2437,1
2438,1
2441,1
2444,1
2466,1
2472,1
2475,1
2494,2
2506,1
2512,1
2513,1
2521,1
2528,1
2530,1
2540,2
2547,1
2557,1
2565,1
2568,1
2590,1
2604,1
2616,1
2630,1
2649,1
2659,1
2752,1
2758,1
2760,1
2775,1
2800,1
2834,1
2883,1
2895,1
2967,1
2973,1
2995,1
3000,1
3008,1
3039,2
3064,1
3086,1
3089,5
3096,1
3102,1
3110,1
3134,1
3136,1
3144,1
3180,1
3212,1
3237,1
3273,1
3277,1
3281,1
3305,1
3324,1
3326,1
3328,1
3368,1
3378,1
3394,1
3401,1
3413,1
3431,1
3449,1
3453,1
3467,1
3480,1
3482,1
3489,1
3559,1
3567,1
3585,1
3603,1
3646,1
3649,1
3709,1
3760,1
3785,1
3824,1
3958,1
3961,1
3984,1
4017,1
4034,1
4050,1
4090,1
4135,2
4194,1
4214,1
4294,1
4430,1
4480,1
4499,1
4516,1
4553,1
4562,1
4571,1
4677,1
4729,1
4785,1
4797,1
4812,1
4851,1
4868,1
4889,1
4893,1
4922,1
4948,1
5106,1
5126,1
5443,1
5444,1
5502,1
5570,1
5585,1
5804,1
5872,1
6683,1
6690,1
7078,1
7094,1
7151,1
7613,1
7669,1
8298,1
9285,1
9400,1
12296,1
14565,1
